source_id,time,filter,snr,is_detection,mag,magerr,mag_lim
S251112cm_200Mpc,0.012507295818068087,g,1.8224445096747208,0,,,24.273669850625907
S251112cm_200Mpc,0.021990109089529142,i,2.566104459879921,0,,,23.486945070752313
S251112cm_200Mpc,1.010802732220327,g,284.8873755631309,1,20.164123373099052,0.0038120327299632937,
S251112cm_200Mpc,1.0112711641268106,g,308.23531907736555,1,20.169882177272257,0.0035232821574461407,
S251112cm_200Mpc,2.0019525533134583,g,114.27167196557357,1,20.99287962668651,0.009503667718515376,
S251112cm_200Mpc,4.019643860847282,i,40.87790825052675,1,21.60310053870932,0.02656691710701723,
S251112cm_200Mpc,4.020109790151764,i,41.49351952406797,1,21.54745402924097,0.026172761733794958,
S251112cm_200Mpc,4.052817414783931,g,11.512267523634609,1,23.4702244532669,0.09433415248303162,
S251112cm_200Mpc,4.063110770992353,g,6.448596257125372,1,23.619122199780705,0.16840874458530802,
