source_id,time,filter,snr,is_detection,mag,magerr,mag_lim
S251112cm_100Mpc,7.816008021327434,i,18.29336787769834,1,21.899179171003226,0.05936577710897923,
