source_id,time,filter,snr,is_detection,mag,magerr,mag_lim
S251112cm_100Mpc,0.012507295818068087,g,7.298106072542432,1,23.863069433411685,0.14880572976129292,
S251112cm_100Mpc,0.021990109089529142,i,5.089519548860926,1,23.467678114516104,0.21337966964741403,
S251112cm_100Mpc,1.010802732220327,g,1143.4597745032202,1,18.65525415601143,0.0009497491946945106,
S251112cm_100Mpc,1.0112711641268106,g,1242.1034221809045,1,18.656693783378426,0.0008743233297700641,
S251112cm_100Mpc,2.0019525533134583,g,482.3820784929167,1,19.42924817,0.002251327419527976,
S251112cm_100Mpc,4.019643860847282,i,167.67707947498457,1,20.07063794755907,0.006476734944336972,
S251112cm_100Mpc,4.020109790151764,i,163.74206908362942,1,20.057004028668022,0.0066323822953851756,
S251112cm_100Mpc,4.052817414783931,g,46.29904963120036,1,21.95919644522359,0.023456205011779724,
S251112cm_100Mpc,4.063110770992353,g,28.620111294946657,1,22.001106871270455,0.03794534510394273,
